,BLOCK_SIZE,num_warps,num_ctas,num_stages,num_buffers_warp_spec,num_consumer_groups,reg_dec_producer,reg_inc_consumer,maxnreg,runtime,compile_time,tokens,d,GPU
0,8192,8,1,0,0.0,0.0,0.0,0.0,None,0.007833930663764477,2.486799955368042,16,256,V100
1,128,4,1,3,0.0,0.0,0.0,0.0,None,0.002303360030055046,0.10930776596069336,16,256,V100
2,32,32,1,5,0.0,0.0,0.0,0.0,None,0.003211469389498234,0.11092209815979004,16,256,V100
3,64,16,1,4,0.0,0.0,0.0,0.0,None,0.0024716677144169807,0.10721635818481445,16,256,V100
4,16,4,1,0,0.0,0.0,0.0,0.0,None,0.002309112111106515,0.1058800220489502,16,256,V100
5,512,2,1,5,0.0,0.0,0.0,0.0,None,0.002451823092997074,0.12682271003723145,16,256,V100
6,512,2,1,1,0.0,0.0,0.0,0.0,None,0.0024550892412662506,0.13762331008911133,16,256,V100
7,2048,4,1,1,0.0,0.0,0.0,0.0,None,0.003248171880841255,0.16179275512695312,16,256,V100
8,1024,2,1,5,0.0,0.0,0.0,0.0,None,0.0030115442350506783,0.16544246673583984,16,256,V100
9,8192,16,1,5,0.0,0.0,0.0,0.0,None,0.007070475723594427,0.1593787670135498,16,256,V100
10,2048,1,1,1,0.0,0.0,0.0,0.0,None,0.005338649731129408,0.33809351921081543,16,256,V100
11,16,8,1,1,0.0,0.0,0.0,0.0,None,0.0023470441810786724,0.11034536361694336,16,256,V100
12,32,8,1,0,0.0,0.0,0.0,0.0,None,0.0023517338559031487,0.11301326751708984,16,256,V100
13,1024,16,1,4,0.0,0.0,0.0,0.0,None,0.002563885413110256,0.11040735244750977,16,256,V100
14,64,32,1,1,0.0,0.0,0.0,0.0,None,0.0031701470725238323,0.10553789138793945,16,256,V100
15,4096,16,1,3,0.0,0.0,0.0,0.0,None,0.004273685626685619,0.13646578788757324,16,256,V100
16,256,2,1,4,0.0,0.0,0.0,0.0,None,0.002331171417608857,0.12143182754516602,16,256,V100
18,256,4,1,4,0.0,0.0,0.0,0.0,None,0.002317064208909869,0.11352086067199707,16,256,V100
19,512,32,1,5,0.0,0.0,0.0,0.0,None,0.003110554302111268,0.11095356941223145,16,256,V100
20,16,32,1,2,0.0,0.0,0.0,0.0,None,0.0031720460392534733,0.11118936538696289,16,256,V100
22,128,2,1,2,0.0,0.0,0.0,0.0,None,0.002319720573723316,0.11599087715148926,16,256,V100
23,1024,1,1,2,0.0,0.0,0.0,0.0,None,0.0030040352139621973,0.23929214477539062,16,256,V100
24,8192,1,1,2,0.0,0.0,0.0,0.0,None,0.06353019922971725,1.7165253162384033,16,256,V100
25,64,8,1,0,0.0,0.0,0.0,0.0,None,0.0023452905006706715,0.11373114585876465,16,256,V100
26,2048,1,1,2,0.0,0.0,0.0,0.0,None,0.005354183726012707,0.32489633560180664,16,256,V100
0,8192,8,1,0,0.0,0.0,0.0,0.0,None,3.8254592418670654,0.24164962768554688,64,262144,V100
1,128,4,1,3,0.0,0.0,0.0,0.0,None,0.41093942523002625,0.10989761352539062,64,262144,V100
2,32,32,1,5,0.0,0.0,0.0,0.0,None,2.856086492538452,0.10937333106994629,64,262144,V100
3,64,16,1,4,0.0,0.0,0.0,0.0,None,0.6914258599281311,0.11623311042785645,64,262144,V100
4,16,4,1,0,0.0,0.0,0.0,0.0,None,1.6384347677230835,0.10655784606933594,64,262144,V100
5,512,2,1,5,0.0,0.0,0.0,0.0,None,0.4114404320716858,0.12728214263916016,64,262144,V100
6,512,2,1,1,0.0,0.0,0.0,0.0,None,0.4114505350589752,0.14322519302368164,64,262144,V100
7,2048,4,1,1,0.0,0.0,0.0,0.0,None,0.9487106800079346,0.16617941856384277,64,262144,V100
8,1024,2,1,5,0.0,0.0,0.0,0.0,None,0.47684621810913086,0.1652534008026123,64,262144,V100
9,8192,16,1,5,0.0,0.0,0.0,0.0,None,3.879854202270508,0.16944003105163574,64,262144,V100
10,2048,1,1,1,0.0,0.0,0.0,0.0,None,1.096774697303772,0.32982420921325684,64,262144,V100
11,16,8,1,1,0.0,0.0,0.0,0.0,None,1.639233112335205,0.1116945743560791,64,262144,V100
12,32,8,1,0,0.0,0.0,0.0,0.0,None,0.8207359910011292,0.10944128036499023,64,262144,V100
13,1024,16,1,4,0.0,0.0,0.0,0.0,None,0.7700896263122559,0.11267757415771484,64,262144,V100
14,64,32,1,1,0.0,0.0,0.0,0.0,None,1.467810869216919,0.10895824432373047,64,262144,V100
15,4096,16,1,3,0.0,0.0,0.0,0.0,None,1.8976527452468872,0.1383676528930664,64,262144,V100
16,256,2,1,4,0.0,0.0,0.0,0.0,None,0.41129598021507263,0.1157066822052002,64,262144,V100
18,256,4,1,4,0.0,0.0,0.0,0.0,None,0.4108903408050537,0.11253905296325684,64,262144,V100
19,512,32,1,5,0.0,0.0,0.0,0.0,None,1.4487460851669312,0.11273050308227539,64,262144,V100
20,16,32,1,2,0.0,0.0,0.0,0.0,None,5.691271781921387,0.11292719841003418,64,262144,V100
22,128,2,1,2,0.0,0.0,0.0,0.0,None,0.41109028458595276,0.11679887771606445,64,262144,V100
23,1024,1,1,2,0.0,0.0,0.0,0.0,None,0.4999365210533142,0.227308988571167,64,262144,V100
24,8192,1,1,2,0.0,0.0,0.0,0.0,None,67.95366668701172,1.7034876346588135,64,262144,V100
25,64,8,1,0,0.0,0.0,0.0,0.0,None,0.4115745425224304,0.11134696006774902,64,262144,V100
26,2048,1,1,2,0.0,0.0,0.0,0.0,None,1.0967156887054443,0.33219027519226074,64,262144,V100
0,8192,8,1,0,0.0,0.0,0.0,0.0,None,0.003987783566117287,0.21725749969482422,2048,16,V100
1,128,4,1,3,0.0,0.0,0.0,0.0,None,0.00235055573284626,0.11335229873657227,2048,16,V100
2,32,32,1,5,0.0,0.0,0.0,0.0,None,0.006785930600017309,0.10846471786499023,2048,16,V100
3,64,16,1,4,0.0,0.0,0.0,0.0,None,0.0031120528001338243,0.11353850364685059,2048,16,V100
4,16,4,1,0,0.0,0.0,0.0,0.0,None,0.005157425068318844,0.10747051239013672,2048,16,V100
5,512,2,1,5,0.0,0.0,0.0,0.0,None,0.0021631410345435143,0.12883687019348145,2048,16,V100
6,512,2,1,1,0.0,0.0,0.0,0.0,None,0.0021629801485687494,0.13039755821228027,2048,16,V100
7,2048,4,1,1,0.0,0.0,0.0,0.0,None,0.0027342820540070534,0.16337275505065918,2048,16,V100
8,1024,2,1,5,0.0,0.0,0.0,0.0,None,0.0026965474244207144,0.1639258861541748,2048,16,V100
9,8192,16,1,5,0.0,0.0,0.0,0.0,None,0.003226866479963064,0.16840863227844238,2048,16,V100
10,2048,1,1,1,0.0,0.0,0.0,0.0,None,0.005711749196052551,0.3300337791442871,2048,16,V100
11,16,8,1,1,0.0,0.0,0.0,0.0,None,0.005226412788033485,0.1087958812713623,2048,16,V100
12,32,8,1,0,0.0,0.0,0.0,0.0,None,0.0036045354790985584,0.1115107536315918,2048,16,V100
13,1024,16,1,4,0.0,0.0,0.0,0.0,None,0.002102619269862771,0.11365985870361328,2048,16,V100
14,64,32,1,1,0.0,0.0,0.0,0.0,None,0.0044148750603199005,0.11564207077026367,2048,16,V100
15,4096,16,1,3,0.0,0.0,0.0,0.0,None,0.00242405291646719,0.13123631477355957,2048,16,V100
16,256,2,1,4,0.0,0.0,0.0,0.0,None,0.0021761651150882244,0.120513916015625,2048,16,V100
18,256,4,1,4,0.0,0.0,0.0,0.0,None,0.0021606788504868746,0.11315536499023438,2048,16,V100
19,512,32,1,5,0.0,0.0,0.0,0.0,None,0.0021684435196220875,0.11189532279968262,2048,16,V100
20,16,32,1,2,0.0,0.0,0.0,0.0,None,0.011734928004443645,0.10625433921813965,2048,16,V100
22,128,2,1,2,0.0,0.0,0.0,0.0,None,0.0023563012946397066,0.11329531669616699,2048,16,V100
23,1024,1,1,2,0.0,0.0,0.0,0.0,None,0.0027487557381391525,0.2299060821533203,2048,16,V100
24,8192,1,1,2,0.0,0.0,0.0,0.0,None,0.018300365656614304,1.6873071193695068,2048,16,V100
25,64,8,1,0,0.0,0.0,0.0,0.0,None,0.002805679338052869,0.1103219985961914,2048,16,V100
26,2048,1,1,2,0.0,0.0,0.0,0.0,None,0.005711603444069624,0.33031392097473145,2048,16,V100
0,8192,8,1,0,0.0,0.0,0.0,0.0,None,0.24646322429180145,0.2345106601715088,16384,2048,V100
1,128,4,1,3,0.0,0.0,0.0,0.0,None,0.41079312562942505,0.10741162300109863,16384,2048,V100
2,32,32,1,5,0.0,0.0,0.0,0.0,None,5.540683269500732,0.1105046272277832,16384,2048,V100
3,64,16,1,4,0.0,0.0,0.0,0.0,None,1.3672131299972534,0.1094048023223877,16384,2048,V100
4,16,4,1,0,0.0,0.0,0.0,0.0,None,3.2731478214263916,0.11571121215820312,16384,2048,V100
5,512,2,1,5,0.0,0.0,0.0,0.0,None,0.24112239480018616,0.13559269905090332,16384,2048,V100
6,512,2,1,1,0.0,0.0,0.0,0.0,None,0.241112619638443,0.12992405891418457,16384,2048,V100
7,2048,4,1,1,0.0,0.0,0.0,0.0,None,0.24739782512187958,0.17036771774291992,16384,2048,V100
8,1024,2,1,5,0.0,0.0,0.0,0.0,None,0.24291522800922394,0.16176676750183105,16384,2048,V100
9,8192,16,1,5,0.0,0.0,0.0,0.0,None,0.2427217662334442,0.16743087768554688,16384,2048,V100
10,2048,1,1,1,0.0,0.0,0.0,0.0,None,0.24674354493618011,0.33023786544799805,16384,2048,V100
11,16,8,1,1,0.0,0.0,0.0,0.0,None,3.274513006210327,0.10766339302062988,16384,2048,V100
12,32,8,1,0,0.0,0.0,0.0,0.0,None,1.6371155977249146,0.11195707321166992,16384,2048,V100
13,1024,16,1,4,0.0,0.0,0.0,0.0,None,0.2436635047197342,0.11524176597595215,16384,2048,V100
14,64,32,1,1,0.0,0.0,0.0,0.0,None,2.8774399757385254,0.11401724815368652,16384,2048,V100
15,4096,16,1,3,0.0,0.0,0.0,0.0,None,0.25563111901283264,0.13380193710327148,16384,2048,V100
16,256,2,1,4,0.0,0.0,0.0,0.0,None,0.2399815171957016,0.12373733520507812,16384,2048,V100
18,256,4,1,4,0.0,0.0,0.0,0.0,None,0.23818860948085785,0.1133265495300293,16384,2048,V100
19,512,32,1,5,0.0,0.0,0.0,0.0,None,0.4356124997138977,0.10731267929077148,16384,2048,V100
20,16,32,1,2,0.0,0.0,0.0,0.0,None,10.574278831481934,0.10437369346618652,16384,2048,V100
22,128,2,1,2,0.0,0.0,0.0,0.0,None,0.4108995199203491,0.11262989044189453,16384,2048,V100
23,1024,1,1,2,0.0,0.0,0.0,0.0,None,0.24220038950443268,0.22942113876342773,16384,2048,V100
24,8192,1,1,2,0.0,0.0,0.0,0.0,None,0.6714277863502502,1.3726451396942139,16384,2048,V100
25,64,8,1,0,0.0,0.0,0.0,0.0,None,0.8198973536491394,0.11330962181091309,16384,2048,V100
26,2048,1,1,2,0.0,0.0,0.0,0.0,None,0.24677518010139465,0.33090710639953613,16384,2048,V100
0,8192,8,1,0,0.0,0.0,0.0,0.0,None,0.12305815517902374,0.22434711456298828,512,8192,V100
1,128,4,1,3,0.0,0.0,0.0,0.0,None,0.053691316395998,0.11263251304626465,512,8192,V100
2,32,32,1,5,0.0,0.0,0.0,0.0,None,0.697095513343811,0.11205339431762695,512,8192,V100
3,64,16,1,4,0.0,0.0,0.0,0.0,None,0.1717093139886856,0.1297321319580078,512,8192,V100
4,16,4,1,0,0.0,0.0,0.0,0.0,None,0.41060587763786316,0.11842942237854004,512,8192,V100
5,512,2,1,5,0.0,0.0,0.0,0.0,None,0.03283481299877167,0.1432042121887207,512,8192,V100
6,512,2,1,1,0.0,0.0,0.0,0.0,None,0.03284067288041115,0.1411745548248291,512,8192,V100
7,2048,4,1,1,0.0,0.0,0.0,0.0,None,0.033303163945674896,0.16503214836120605,512,8192,V100
8,1024,2,1,5,0.0,0.0,0.0,0.0,None,0.033664606511592865,0.1669001579284668,512,8192,V100
9,8192,16,1,5,0.0,0.0,0.0,0.0,None,0.12446414679288864,0.16533398628234863,512,8192,V100
10,2048,1,1,1,0.0,0.0,0.0,0.0,None,0.04059342294931412,0.33110928535461426,512,8192,V100
11,16,8,1,1,0.0,0.0,0.0,0.0,None,0.41089585423469543,0.11557698249816895,512,8192,V100
12,32,8,1,0,0.0,0.0,0.0,0.0,None,0.2068749964237213,0.11337113380432129,512,8192,V100
13,1024,16,1,4,0.0,0.0,0.0,0.0,None,0.033470362424850464,0.1172950267791748,512,8192,V100
14,64,32,1,1,0.0,0.0,0.0,0.0,None,0.36126071214675903,0.11348199844360352,512,8192,V100
15,4096,16,1,3,0.0,0.0,0.0,0.0,None,0.06194053217768669,0.1343400478363037,512,8192,V100
16,256,2,1,4,0.0,0.0,0.0,0.0,None,0.03230917826294899,0.12195777893066406,512,8192,V100
18,256,4,1,4,0.0,0.0,0.0,0.0,None,0.03209646791219711,0.11916828155517578,512,8192,V100
19,512,32,1,5,0.0,0.0,0.0,0.0,None,0.057143304497003555,0.11354899406433105,512,8192,V100
20,16,32,1,2,0.0,0.0,0.0,0.0,None,1.3210301399230957,0.11322641372680664,512,8192,V100
22,128,2,1,2,0.0,0.0,0.0,0.0,None,0.053657423704862595,0.11619400978088379,512,8192,V100
23,1024,1,1,2,0.0,0.0,0.0,0.0,None,0.033433057367801666,0.24376845359802246,512,8192,V100
24,8192,1,1,2,0.0,0.0,0.0,0.0,None,2.0293936729431152,2.436366081237793,512,8192,V100
25,64,8,1,0,0.0,0.0,0.0,0.0,None,0.104773610830307,0.20535850524902344,512,8192,V100
26,2048,1,1,2,0.0,0.0,0.0,0.0,None,0.040607355535030365,0.334212064743042,512,8192,V100
